feature,importance
turn_count,0.6656141748579361
aggregate_money_terms,0.22445649689526645
ratio_request_messages,0.10498859195920998
aggregate_num_urls,0.0049407362875874385
